{
    "loss": 0.22391408681869507,
    "accuracy": 0.9241130948066711
}